[
	{
		"location":"frontdesk",
		"destination":"dt",
		"loc_coord":"160,880",
		"dest_coord":"390,280",
		"path":[200,902.4,274.8,907.7,314.1,537.6,280,345,400,325]
	},
	{
		"location":"pantry",
		"destination":"dt",
		"loc_coord":"418,545",
		"dest_coord":"390,280",
		"path":[426.5,565.6,323.5,579,281,348.4,415.6,331.2]
	},
	{
		"location":"male",
		"destination":"dt",
		"loc_coord":"446,625",
		"dest_coord":"390,280",
		"path":[471,653,467,694, 305,679.5, 322.5,536.7,  293,350.5, 415.6,331.2]
	},
	{
		"location":"collaboration",
		"destination":"dt",
		"loc_coord":"188,640",
		"dest_coord":"390,280",
		"path":[229.4,668.7, 304,677.4 , 324.6,535.6, 293,350.5, 415.6,331.2]
	},
	{
		"location":"mr0805-0806",
		"destination":"dt",
		"loc_coord":"160,334",
		"dest_coord":"390,280",
		"path":[415.6,331.2,200.2,366.8]
	},
	{
		"location":"mr0824",
		"destination":"dt",
		"loc_coord":"340,168",
		"dest_coord":"390,280",
		"path":[366.5,195.5,269.4,208.8,293.2,352.7,415.6,331.2]
	},
	{
		"location":"frontdesk",
		"destination":"mr0824",
		"loc_coord":"160,880",
		"dest_coord":"354,105",
		"path":[202.3,897, 278,903.5, 321.4,533.5, 259.7,172, 370.1,158.1]
	},
	{
		"location":"pantry",
		"destination":"mr0824",
		"loc_coord":"418,545",
		"dest_coord":"354,105",
		"path":[426.5,565.6,323.5,579, 259.7,174.2, 370.2,158.1]
	},
	{
		"location":"male",
		"destination":"mr0824",
		"loc_coord":"446,625",
		"dest_coord":"354,105",
		"path":[468,655, 463,694.7, 299.7,676.3, 318.1,533.5, 258.6,174.2, 370.1,158.1]
	},
	{
		"location":"collaboration",
		"destination":"mr0824",
		"loc_coord":"188,640",
		"dest_coord":"354,105",
		"path":[228.3,662.2,305.1,670.9, 323.5,535.6, 261.86567,174.21642,370.1,158.1]
	},
	{
		"location":"mr0805-0806",
		"destination":"mr0824",
		"loc_coord":"160,334",
		"dest_coord":"354,105",
		"path":[202.3,364.6, 290,348.4, 259.7,172, 370.2,158]
	},
	{
		"location":"dt",
		"destination":"mr0824",
		"loc_coord":"390,280",
		"dest_coord":"354,105",
		"path":[395.8,317.9, 280.3,334.3, 255.4,173.1, 370.2,158.1]
	},
	
	
	{
		"location":"aisle1",
		"destination":"mr0824",
		"loc_coord":"270,773",
		"dest_coord":"354,105",
		"path":[295,783.4, 321.4,533.5, 259.7,172, 370.1,158.1]
	},
	{
		"location":"aisle2",
		"destination":"mr0824",
		"loc_coord":"280,703",
		"dest_coord":"354,105",
		"path":[304,714.1, 321.4,533.5, 259.7,172, 370.1,158.1]
	},
	{
		"location":"aisle3",
		"destination":"mr0824",
		"loc_coord":"288,616",
		"dest_coord":"354,105",
		"path":[312.6,625.4, 321.4,533.5, 259.7,172, 370.1,158.1]
	},
	{
		"location":"aisle4",
		"destination":"mr0824",
		"loc_coord":"300,534",
		"dest_coord":"354,105",
		"path":[325.6,549.7, 321.4,533.5, 259.7,172, 370.1,158.1]
	},
	{
		"location":"aisle5",
		"destination":"mr0824",
		"loc_coord":"271,372",
		"dest_coord":"354,105",
		"path":[293.1,374.4, 259.7,172, 370.1,158.1]
	},
	{
		"location":"aisle6",
		"destination":"mr0824",
		"loc_coord":"235,160",
		"dest_coord":"354,105",
		"path":[259.7,172, 370.1,158.1]
	},
	{
		"location":"mr0824",
		"destination":"mr0824",
		"loc_coord":"314,134",
		"dest_coord":"354,105",
		"path":[370.1,158.1, 370.1,158.1]
	}
]