[
	{
		"location":"frontdesk",
		"destination":"dt",
		"x":"0",
		"y":"210",
		"width":"750",
		"height":"750"
	},
	{
		"location":"male",
		"destination":"dt",
		"x":"0",
		"y":"210",
		"width":"750",
		"height":"500"
	},
	{
		"location":"collaboration",
		"destination":"dt",
		"x":"0",
		"y":"210",
		"width":"750",
		"height":"525"
	},
	{
		"location":"pantry",
		"destination":"dt",
		"x":"0",
		"y":"210",
		"width":"750",
		"height":"405"
	},
	{
		"location":"mr0805-0806",
		"destination":"dt",
		"x":"0",
		"y":"210",
		"width":"750",
		"height":"358"
	},
	{
		"location":"mr0824",
		"destination":"dt",
		"x":"0",
		"y":"80",
		"width":"750",
		"height":"445"
	},
	{
		"location":"frontdesk",
		"destination":"mr0824",
		"x":"0",
		"y":"80",
		"width":"750",
		"height":"890"
	},
	{
		"location":"male",
		"destination":"mr0824",
		"x":"0",
		"y":"80",
		"width":"750",
		"height":"635"
	},
	{
		"location":"pantry",
		"destination":"mr0824",
		"x":"0",
		"y":"80",
		"width":"750",
		"height":"544"
	},
	{
		"location":"mr0805-0806",
		"destination":"mr0824",
		"x":"0",
		"y":"80",
		"width":"750",
		"height":"490"
	},
	{
		"location":"dt",
		"destination":"mr0824",
		"x":"0",
		"y":"80",
		"width":"750",
		"height":"450"
	}
]